{"cameraMode":{"drawMode":0,"name":"Shaded","section":"Shading Mode"},"sceneLighting":false,"audioPlay":false,"sceneViewState":{"showFog":true,"showMaterialUpdate":false,"showSkybox":true,"showFlares":true,"showImageEffects":true,"showParticleSystems":true},"in2DMode":false,"pivot":{"x":0.3661613464355469,"y":0.6782392263412476,"z":-0.763367772102356},"rotation":{"x":-0.28410521149635317,"y":0.41274774074554446,"z":-0.13723847270011903,"w":-0.8544525504112244},"size":2.8641982078552248,"orthographic":false}